"_id","firstname","lastname","email"
"64f825415b66af53ff9e005c","Thang","Ngo","a@gmail.com"
"64f82e16cd64ea7a7aefd1f7","Thang","Ngo","bb@gmail.com"
"64faf0b1240124eb0eeb0dfd","Thang","Ngo","bb6@gmail.com"
"653e0954608ef6ff0ed92a54","Thang","Ngo","aa@gmail.com"
"653e2eedc10d9db30546d97c","Thang","Ngo","cc@gmail.com"
"65538834001eed97788701d8","Thang","Ngo","bb4@gmail.com"
"656a054fcdeb1b755d8255ef","Nhan","nguyen","nn@gmail.com"
"656a06bacdeb1b755d82562f","Thai","Truong","tt1@gmail.com"
"656afe5c1044f0516a647380","Giang","Huong","gh@gmail.com"
"657335fb28b043f4089a843b","Joko","Co","acer@gmail.com"
"6573e459d4e40350f3759d35","Kija","Hake","fulen@gmail.com"
"657719e64f69eccd7ae7692a","Sam","Sung","samsung@gmail.com"
"6577bb8955cd31be0b693342","Asus","Kiki","asus@gmail.com"
"6577ca6155cd31be0b693c94","kaku","Hero","msi@gmail.com"
"6577cf4455cd31be0b6940ba","Haha","Kata","cooler@gmail.com"
"6577d61155cd31be0b694753","Hihi","Laru","noctua@gmail.com"
"6578076823d89fe1c8c3ec53","Hoko","Kami","gigabite@gmail.com"
"6578103d23d89fe1c8c3f276","t","t","1@gmail.com"
"6578105123d89fe1c8c3f279","t","t","2@gmail.com"
"6578105723d89fe1c8c3f27c","t","t","3@gmail.com"
"6578106923d89fe1c8c3f27f","t","t","4@gmail.com"
"6578107723d89fe1c8c3f282","t","t","5@gmail.com"
"6578109623d89fe1c8c3f285","t","t","6@gmail.com"
"6578109a23d89fe1c8c3f288","t","t","7@gmail.com"
"657810a123d89fe1c8c3f28b","t","t","8@gmail.com"
"657810ac23d89fe1c8c3f28e","t","t","9@gmail.com"
"657810b523d89fe1c8c3f291","t","t","11@gmail.com"
"657810b923d89fe1c8c3f294","t","t","12@gmail.com"
"657810c323d89fe1c8c3f297","t","t","13@gmail.com"
"657810cb23d89fe1c8c3f29a","t","t","14@gmail.com"
"657810dc23d89fe1c8c3f29d","t","t","15@gmail.com"
"657810e323d89fe1c8c3f2a0","t","t","16@gmail.com"
"657810e823d89fe1c8c3f2a3","t","t","17@gmail.com"
"657810ee23d89fe1c8c3f2a6","t","t","18@gmail.com"
"657810f223d89fe1c8c3f2a9","t","t","19@gmail.com"